ID,newsdiscusstest2015.CIMS-FR.4056.en-fr.txt,newsdiscusstest2015.LIMSI-CNRS-mosesSoulMoreFeatures.4000.en-fr.txt,newsdiscusstest2015.online-A.0.en-fr.txt,newsdiscusstest2015.online-B.0.en-fr.txt,newsdiscusstest2015.online-E.0.en-fr.txt,newsdiscusstest2015.online-F.0.en-fr.txt,newsdiscusstest2015.uedin-jhu-phrase.4104.en-fr.txt
1079.0,0.7381760761051523,0.7381760761051523,0.7074960865036982,0.7447551211008258,0.6533814167336064,0.6531830762511127,0.8220269848941312
626.0,0.6905713205373315,0.7156935775770175,0.7441416302763082,0.744460090661905,0.7399710896471163,0.6406442331274445,0.7387327382123838
1296.0,0.63344716462694,0.6538076548441852,0.591489587121627,0.5962599345625497,0.5748125687611554,0.5463125359536123,0.6708979994897426
685.0,0.6691325368393007,0.6886338823931204,0.6304115114584025,0.7197749592794829,0.7463608125735206,0.6532837136827756,0.7219989504877959
1180.0,0.588247924730753,0.6564050252739523,0.5800377154485422,0.5800377154485422,0.5109572508635808,0.6736888956900515,0.5800377154485422
1033.0,0.7450151800683449,0.7450151800683449,0.6344581842790603,0.7450151800683449,0.7398399851663557,0.6637978190882168,0.7450151800683449
299.0,0.8386277140577472,0.802026585653792,0.8161754799276704,0.8330424138377845,0.760201607621678,0.7207407015241174,0.7664708285822666
541.0,0.8171100427944548,0.8089192837922131,0.7498618743835594,0.7567677630134976,0.6851085550888545,0.6828500885814673,0.8357932118788587
8.0,0.5405188122316542,0.5116380816521355,0.5406504510741537,0.5153484181998365,0.5550731408997214,0.5409925691867588,0.5184453601918103
1028.0,0.9999999999996586,0.9999999999996586,0.9999999999996586,0.540578724059597,0.5062759871646589,0.30443498261349633,0.540578724059597
443.0,0.5711398509734604,0.737197688522573,0.6220568543056584,0.6220568543056584,0.899399534653508,0.5586936113539993,0.28620350281855134
155.0,0.6948953787514937,0.728412589743087,0.8038735245557918,0.7202255471521657,0.689725613859513,0.6278385613790796,0.6849549409499874
125.0,0.7419172339589806,0.7446881552073104,0.7194808312263149,0.8574635326509853,0.6907954239053478,0.8019767757899154,0.7173909835827669
362.0,0.7548665822114373,0.7421745968745307,0.6222280435508267,0.6779530436632722,0.6196427043050385,0.6107670972302655,0.7352688710635826
292.0,0.6784585762012257,0.6423206503523959,0.6020312971266999,0.6196770644427547,0.5619312228820098,0.5719140255215194,0.6254630896048807
1356.0,0.6710617773129856,0.6177086255745579,0.6799676571042206,0.6669242528385527,0.6474667875140032,0.672715419014545,0.6639629275753652
419.0,0.7531368383808499,0.769974015918601,0.7893315203035455,0.7675767718740525,0.7076432715363896,0.7668091990822359,0.7558000551030696
908.0,0.8528649390663553,0.8437173116463677,0.830261622791435,0.7661806864721472,0.6179225142799449,0.6251703846051486,0.8894971737937596
124.0,0.8031531792321571,0.826427191580184,0.8467799709774066,0.8394868856693254,0.8245701300199194,0.730834737346896,0.8502101431848552
276.0,0.954798927489721,0.8241765437340876,0.8241765437340876,0.954798927489721,0.954798927489721,0.954798927489721,0.954798927489721
611.0,0.6483380294998276,0.6483380294998276,0.6483380294998276,0.6483380294998276,0.5840961809306039,0.5936458334031303,0.6312496269313277
1482.0,0.6182370637986613,0.632257169952345,0.617069502617957,0.6386129396343639,0.6472218339914217,0.6547780545510478,0.6254141339645182
1153.0,0.6767839437286529,0.7445366876420902,0.8162319975616625,0.7611325487724103,0.7563382740963397,0.8834190971297433,0.8011797500520204
510.0,0.770030963750605,0.770030963750605,0.785370477589012,0.7616191518152807,0.7543569766733984,0.7890547031018125,0.6939904312141446
191.0,0.7560954323376566,0.8017637329909982,0.8336247141971704,0.7806568255845135,0.6377739632542389,0.6517814103911355,0.8017637329909982
773.0,0.706315673126694,0.6539140378946745,0.7650857416272636,0.7282051672167622,0.6901682189655689,0.6477957476128657,0.7282162693160241
1133.0,0.5815096231334389,0.5981349891646488,0.6309065681001187,0.5803890943722642,0.6074953417997069,0.5854938647842236,0.6601175179368213
923.0,0.6722350873216397,0.6634747019875613,0.7141219530018552,0.6193135172396672,0.6837557041587383,0.7030697148066491,0.7194247939695704
108.0,0.5963073199523985,0.6089502197579166,0.5510723567141245,0.5936288809299753,0.6066619900347998,0.592759179190951,0.5804321450707866
492.0,0.5905883120771844,0.5674525574481157,0.6013440181180374,0.6329396396537978,0.6329396396537978,0.6111041676394402,0.6013440181180374
963.0,0.5553822950960441,0.5994308574288905,0.6215370148921169,0.5794778389320312,0.5968535711853803,0.7366565147725155,0.5541608810052574
379.0,0.7885306841247615,0.6808389662630489,0.6808389662630489,0.6808389662630489,0.7422201696277051,0.8164998470894611,0.6808389662630489
1410.0,0.7804163592138952,0.6883579947897296,0.7650701864488886,0.741080583800143,0.8991811393774952,0.8991811393774952,0.680035715052721
1488.0,0.5203393012384885,0.5123524344523822,0.5123524344523822,0.5006411669613893,0.4568862532990603,0.4926930962613968,0.5123524344523822
596.0,0.6793802460706062,0.6896420437522159,0.6855409967777699,0.6240839627431272,0.7057334866638816,0.5754412348327738,0.6896420437522159
604.0,0.7424317600106836,0.7296723302718044,0.6645140151949027,0.6811862006947345,0.6608785985018149,0.6580435997463557,0.7319086362656597
1354.0,0.6880031159898667,0.6743864421385657,0.7830945406794529,0.8378932082464825,0.7018978971253049,0.7018978971253049,0.7134789494971763
1147.0,0.7175340648267217,0.9999999999996524,0.9999999999996524,0.44420410001378585,0.6420720403698831,0.7962057129931503,0.9999999999996524
1494.0,0.8822490411429365,0.8822490411429365,0.9591258312946725,0.9591258312946725,0.9591258312946725,0.7466390320416203,0.8822490411429365
1295.0,0.621876064762499,0.6702507377441318,0.5595855175979718,0.6074716738094981,0.5952245727524965,0.5672657756905237,0.6227241230085794
481.0,0.6646209125217266,0.6456220235336676,0.6646209125217266,0.46791974179235474,0.5930843733683142,0.6521081765927892,0.6456220235336676
1335.0,0.6985214836467958,0.7266084105079125,0.6223584215117257,0.6985214836467958,0.6063587902411653,0.6664665325576882,0.7345890530970747
771.0,0.5011741206300319,0.6951252092624148,0.5819421628716948,0.6368173589250972,0.742683809700333,0.61051462835672,0.6362234556108288
598.0,0.7051949594979268,0.6889101057007762,0.6890725970052753,0.5946835040229317,0.677172347877036,0.7644696559895112,0.5763103982394929
653.0,0.7238877384039364,0.7665390207992402,0.7816792310305318,0.8156886232219198,0.6699897166023131,0.6269286722732207,0.8063133596165613
984.0,0.7834302930381196,0.7724233305984023,0.7865857183118119,0.8419718289837741,0.7734495977674526,0.7384289920797998,0.7773767197804582
162.0,0.71397583788923,0.8819535450069073,0.7186323742501342,0.9115300209791688,0.8084409605370197,0.7191521990390666,0.7948941231112923
1161.0,0.7598592570653662,0.7625222156070748,0.7194565649116035,0.7711319994555899,0.7598592570653662,0.7598592570653662,0.7598592570653662
844.0,0.6079951374202723,0.6005611011129656,0.5597293048097978,0.6817334936567964,0.5219619963636859,0.4939322580867548,0.7051155141014771
748.0,0.8445077754685708,0.8445077754685708,0.8253290322419196,0.7872661417024822,0.8851753686570463,0.9999999999999997,0.8505528321908763
43.0,0.6615580607486792,0.6413746436342125,0.6324450896476137,0.6774871977143592,0.6528833438992616,0.7164768586949984,0.6322895346583968
1043.0,0.7453320417889394,0.6926561466886509,0.7011965363053332,0.558745715617922,0.6693718438471818,0.552276519559763,0.6664885223707753
1475.0,0.7090713015879981,0.8038496018083372,0.7164780760074996,0.8495070374331739,0.6416936424941199,0.7334408099603515,0.7261636859694125
97.0,0.8481941172165542,0.8481941172165542,0.7158861307758644,0.6818476291910018,0.6321822471536086,0.5848504327335979,0.8481941172165542
381.0,0.794391237826081,0.7951305040763067,0.79046047530059,0.8017360756907222,0.644681120448618,0.7008823572599785,0.7157328452978386
1418.0,0.7483196227903475,0.7069574098899059,0.6935156867613681,0.7333884776392643,0.6556796897498512,0.7077284016531602,0.7122975653720027
894.0,0.6653651372869278,0.6712675251209628,0.6712675251209628,0.6712675251209628,0.6712675251209628,0.7432329870321969,0.7337549289792185
1312.0,0.8282534706848097,0.7713690672459853,0.7870476413494136,0.8409620272965908,0.7606272514530417,0.8409620272965908,0.8477635379554828
1095.0,0.5011959327550676,0.493598142381234,0.510275584737579,0.5575454531673053,0.6024595514085026,0.5802051232896803,0.5491822059258162
1198.0,0.841644871416356,0.841644871416356,0.611937671788632,0.8332745713445413,0.66284805523029,0.841644871416356,0.841644871416356
114.0,0.6415403005244922,0.7616289626510602,0.6877243072172485,0.616362017779178,0.7063303266223747,0.7079683650685187,0.7145302424257971
243.0,0.44238785960469906,0.3599425467450751,0.46215278211417066,0.4414132609767736,0.3824153996942383,0.3594978959116445,0.4414132609767736
1193.0,0.21676219592812618,0.2827694079321018,0.2827694079321018,0.2827694079321018,0.2827694079321018,0.2827694079321018,0.3703545794466695
954.0,0.6434127657664968,0.717176534422843,0.7160487505959439,0.7143376484429588,0.7095736084423669,0.7269354879213612,0.7071420200266356
1346.0,0.7026409589353068,0.8427512830094046,0.7377223747691546,0.675537400901751,0.8018268170915073,0.8309472950284144,0.675537400901751
1010.0,0.610810924185383,0.5964815380918478,0.6437090163353307,0.6715706190919644,0.6042624723988503,0.6012846570152305,0.585326636210043
824.0,0.6962575294606099,0.6962575294606099,0.7186935062105966,0.7464318701071899,0.7201814424895685,0.7143287869966726,0.6962575294606099
569.0,0.8139454406836528,0.7621110663639976,0.7099228727814177,0.8366646222582265,0.5874198345513919,0.7069434545709548,0.8366646222582265
937.0,0.6755043878424718,0.6962061914719431,0.7158897320447872,0.6610172191500867,0.6291504264616463,0.6743158601972838,0.6664876799951285
305.0,0.7798161788726548,0.7578240676015233,0.7616400275971146,0.7440777139763841,0.7105083279157077,0.6862870498007194,0.7798161788726548
716.0,0.7579806619912579,0.810118977956902,0.9340498518270879,0.7854416680549354,0.7004372979298595,0.7473001380399259,0.8475375272901664
896.0,0.7500369943401619,0.7638339258341373,0.7396191413596613,0.6358081474099548,0.6682584178211626,0.6460480078447706,0.6336265402213401
242.0,0.7606271646928935,0.8210874096190725,0.8173113947429782,0.6739725325659007,0.7462669733332055,0.7462677244221616,0.8805884252710652
382.0,0.6817436733270336,0.6647458426931887,0.6790026239059128,0.7173513519511218,0.7273130431139329,0.6948265071185903,0.6775963658976747
848.0,0.6086966018755999,0.6330190142745609,0.5963665530454174,0.6072593125502557,0.5780693498557619,0.5998365357226364,0.6374662699705544
1297.0,0.623254864751547,0.12767050812445424,0.5608323299088476,0.12766965189849033,0.6761488138837549,0.6638069049726998,0.12767050812445424
1040.0,0.6757555025627859,0.6757555025627859,0.5758619151209132,0.6757555025627859,0.6757555025627859,0.6757555025627859,0.6757555025627859
850.0,0.5752399214080057,0.6052375697453409,0.6064304172749331,0.609378368203944,0.5767345886710515,0.5416311979270884,0.4637800397732762
1148.0,0.6852787622623827,0.7099763179314007,0.7865994427823507,0.7997141363359178,0.7448402868905108,0.7128956624605425,0.6909773527531985
749.0,0.9999999999997122,0.9999999999997122,0.7120577732738966,0.9999999999997122,0.6956107821689208,0.709925251921529,0.9999999999997122
791.0,0.6700165598865863,0.9215712141120064,0.8661918773334325,0.6494866940710574,0.9215712141120064,0.7265293585647675,0.6700165598865863
1179.0,0.6752674620823036,0.7833384025151264,0.6757912240373438,0.7833384025151264,0.7608336383440237,0.7607929454419189,0.7679176180725729
369.0,0.9999999999999998,0.9999999999999998,0.9999999999999998,0.9999999999999998,0.9999999999999998,0.8052770733481266,0.9999999999999998
1234.0,0.8037268668504776,0.8908778190626709,0.8908778190626709,0.8343637172157934,0.7130241256853943,0.6794843291645899,0.7614121397667026
226.0,0.6488613527295238,0.7268508329318797,0.6763355815693082,0.7244330930159835,0.7041380001640036,0.7322031194661223,0.7077473779219738
803.0,0.6381794493886754,0.5349849870109542,0.5647518873692325,0.5647518873692325,0.4828508136966242,0.6342740054639544,0.5349849870109542
554.0,0.6529268795559684,0.7562077014397265,0.7088237347780375,0.68395724277032,0.749640368522843,0.6617928816661618,0.68395724277032
787.0,0.7849310298490748,0.8858040541602611,0.8401090659440111,0.7717534875052694,0.7936264999752205,0.7928101768491311,0.7473486950896873
863.0,0.7018449569634078,0.755175362247261,0.7278089958848417,0.6677850142427665,0.7229319552633535,0.7781721430681684,0.6785190090040446
1257.0,0.6508631999914279,0.6835327973865809,0.6515741767704346,0.6509907835354785,0.648741841779952,0.6460323970080846,0.6562290505173819
691.0,0.5684679089018945,0.5684679089018945,0.4866482402598016,0.5131726052412904,0.4308394054894651,0.5716303252813073,0.5335534805426507
883.0,0.7078833798310245,0.6859899234045406,0.7638485692978119,0.7020874083262103,0.7630406925385128,0.7493733920797816,0.6731679759562089
1423.0,0.721574706950806,0.6669851708852812,0.6810016120429199,0.7283111302701244,0.8081156301574336,0.6982216067303717,0.716754958979833
1277.0,0.8489219044606229,0.8489219044606229,0.7831491193029883,0.8489219044606229,0.7831491193029883,0.7831491193029883,0.8489219044606229
798.0,0.743080464349765,0.743080464349765,0.6756677346281684,0.6636166865027557,0.7243556939227365,0.6440960617307782,0.7281766865495163
425.0,0.6245972037796956,0.6245972037796956,0.5335061830075503,0.6245972037796956,0.569930038769894,0.4743631651653376,0.6245972037796956
638.0,0.7462344546392053,0.7719370678578877,0.7719370678578877,0.8018505710749072,0.8219244346774481,0.8268863066216869,0.7719370678578877
319.0,0.7367410311862936,0.7706159261755975,0.7303754058331253,0.7494686228139269,0.6944055516595,0.6526506800875584,0.7047950640135645
291.0,0.5776421122496311,0.7051294099282546,0.5943292081124749,0.6711642315937085,0.6345517978000883,0.49454306469405507,0.600173229556353
881.0,0.6606398041355465,0.6226748288951243,0.6401964223519083,0.7103818742703953,0.5205923080474006,0.5986896715839917,0.6791216787100356
200.0,0.9999999999999997,0.9999999999999997,0.9999999999999997,0.9999999999999997,0.9999999999999997,0.9999999999999997,0.9999999999999997
134.0,0.7878326158398722,0.7646236654509423,0.7379734478444728,0.7354075823222974,0.715834828155244,0.7650459773055381,0.7538820940066553
115.0,0.6505842535192747,0.6331364688596299,0.6257637696980154,0.6568222497983622,0.5962014256195349,0.628007111915454,0.7539585283528689
287.0,0.7565523790900623,0.6962610782207534,0.7295253522960023,0.7044894777911701,0.6871817625474229,0.6443895701900322,0.7260535800117784
433.0,0.7170488488610772,0.7624040335751336,0.7961283559504245,0.7303572086860519,0.7436485181183132,0.6876832422879526,0.7517572039843547
1399.0,0.6361750308104228,0.6956100402436853,0.6870491251316957,0.7260144777772751,0.5880238338444052,0.613127761919996,0.6874538599249542
828.0,0.5964976162866208,0.6484139154203379,0.6948356019308114,0.626929306064248,0.6350698888882818,0.6131776763773787,0.6052538632803784
804.0,0.7164536516128432,0.7096977420239419,0.6667181496896378,0.6742619692548028,0.6885056250543795,0.7271830183048711,0.7101302433123433
373.0,0.5774805791399638,0.6164309918582955,0.6520585140674261,0.5865959181242839,0.5806698945680621,0.5910365433352194,0.5850675788426359
1190.0,0.7435343027629002,0.7435343027629002,0.999999999999739,0.4472712144458415,0.8234755338364248,0.999999999999739,0.8020230697368205
471.0,0.9999999999999998,0.9170499806705543,0.9128258235581184,0.9128258235581184,0.8826054036010451,0.822539489997079,0.9810003989599949
1327.0,0.9999999999999996,0.9999999999999996,0.7359002697863894,0.4911505281109704,0.7359002697863894,0.7359002697863894,0.7359002697863894
1132.0,0.6440214924484242,0.5967609490738672,0.5387256797138091,0.6782415298273403,0.6407752410877501,0.5898828124792984,0.6490029952847605
1444.0,0.6215306890336192,0.6439769743125641,0.5987982538269336,0.5713216566695385,0.5848179977469381,0.575118602283819,0.6276711486644599
639.0,0.7369048965111437,0.7151601304129519,0.8152451875706405,0.8062330973199441,0.6769034940508852,0.8152451875706405,0.7369048965111437
995.0,0.6884191415007661,0.6666835568886289,0.7169533746321595,0.7076729269330557,0.6585739759338116,0.6781891453697406,0.6797479955173773
503.0,0.7567037822911867,0.7648225266770067,0.7640111898775749,0.8333841837452649,0.7008473626989191,0.729928642283479,0.8184464744495715
1324.0,0.7041413193301782,0.7300324017089281,0.7154048662011423,0.7408839947578414,0.6471083979219195,0.6317701701309189,0.7821569688159566
649.0,0.6835092513111367,0.6749765920323543,0.6294885353043058,0.639714548693713,0.6477311590028254,0.6544922834846292,0.7302675227131006
192.0,0.8783413435571265,0.8081311982305788,0.8876543521236074,0.8783413435571265,0.6302174635079385,0.6855475946083228,0.8210161816778211
524.0,0.680400840884648,0.6888769756393258,0.7113401848533675,0.6587864997491097,0.6350897911037962,0.652281260495537,0.6837862516468913
772.0,0.6407564467289969,0.6607632775960611,0.6723251438124609,0.7372398384622478,0.55195726833452,0.5297305690869041,0.8078244641188363
1383.0,0.6906220632941924,0.7017481167991332,0.6417167732950849,0.5924360833428217,0.5838890239823982,0.6338866092870972,0.6906220632941924
774.0,0.5590996153315334,0.5165120595470751,0.5326760559322555,0.5754052463323993,0.6032977688692347,0.6097541572877403,0.5587377540001763
718.0,0.795243674716765,0.9999999999999999,0.9999999999999999,0.9999999999999999,0.9999999999999999,0.9999999999999999,0.9999999999999999
247.0,0.5390396864565714,0.5505932434443175,0.6096905343849149,0.6003439992882178,0.5516789772578236,0.5672816556587819,0.6227996290745459
1407.0,0.5792801934783357,0.6006665288139958,0.6918746961085647,0.7132509943278755,0.6850099219307091,0.7003068842884851,0.6685006309507899
752.0,0.7543647833044711,0.887256936193424,0.9010801682736377,0.9095209216715209,0.8976535445097562,0.9126335772250297,0.9477856284959678
99.0,0.6299177209229982,0.6148987635439966,0.5955570011740676,0.61451833651473,0.5921998125339878,0.5825150760481026,0.6209595946978121
711.0,0.711936680666652,0.7476824432681648,0.7027643376917654,0.6831466057542579,0.6682879387582403,0.6893864697415271,0.7406222974309086
528.0,0.8664532999631166,0.7112593504253701,0.7788765106109128,0.846348398713105,0.7299690084047732,0.7967460275875785,0.7112593504253701
1119.0,0.8158618200529546,0.8476477149866278,0.8265045795262984,0.7869496852406751,0.8170194079497253,0.7941316398914824,0.8025207889876407
389.0,0.7480172457320904,0.6564476365708214,0.6678572099707487,0.8054275282471549,0.6766464518720119,0.6635029553940119,0.6987832764029406
1336.0,0.576450025976282,0.7039357907262622,0.7511058533692706,0.7309831417462802,0.5825921075478477,0.6289583814015813,0.694125846322676
127.0,0.8408178871940621,0.8444491440548737,0.8795354736198127,0.8831651582355077,0.7335989286658156,0.7495679019796786,0.7983082725961735
1254.0,0.4761178309730276,0.521341710511996,0.5761914164211821,0.5837613177119487,0.5150808648179839,0.5832155584466601,0.589952496670501
1387.0,0.5688679178228442,0.4481344717739937,0.7443349232020566,0.7464118633155271,0.6419282512790914,0.6125401978658844,0.6212758557783619
1253.0,0.7176633951006556,0.7375968134133284,0.7375968134133284,0.5861717274169821,0.7212662902564546,0.6129403644830209,0.7375968134133284
805.0,0.8606051177269378,0.8030443415987367,0.9731720288320151,0.9314048878982626,0.7547463005338246,0.7368100655922738,0.9033631007330204
1395.0,0.875263709586585,0.875263709586585,0.875263709586585,0.875263709586585,0.7019832103299977,0.7335541152406586,0.8353145310821426
750.0,0.9141845078721733,0.7658237354646842,0.8795630545185675,0.9319023052165707,0.6593870181514006,0.6842007052287078,0.9319023052165707
138.0,0.8805301511832916,0.8554740009427705,0.8132359270437783,0.8920351472577757,0.8441668718614649,0.8053512930100855,0.8217930488965159
717.0,0.9391352733861374,0.9481024764446198,0.8719552878728791,0.8992821393735678,0.8956883021216044,0.7048060220648568,0.8982842663506283
1056.0,0.7358903297965367,0.7010631083456,0.6775031420092041,0.7149319477031684,0.6349753481907292,0.7152932357440054,0.6027371190643899
166.0,0.7592630737787998,0.6767765452550006,0.7320373345491478,0.8126623234177422,0.7012886827234965,0.6644046888959223,0.7292514952176153
1222.0,0.7011723604151968,0.6679077228258362,0.7193962161869214,0.7926557116679089,0.7457000967244163,0.7019654117249337,0.7181645557979719
1435.0,0.36817827161124106,0.5476339674809962,0.5476339674809962,0.5476339674809962,0.5476339674809962,0.5476339674809962,0.30990474081968367
1146.0,1.0,1.0,1.0,1.0,0.7342837972587839,0.7342837972587839,0.7342837972587839
1122.0,0.46897593009755134,0.46897593009755134,0.5521039001761767,0.5521039001761767,0.46897593009755134,0.5521039001761767,0.5521039001761767
699.0,0.7465087964055563,0.7270298085836737,0.7457096145199827,0.7256201652488372,0.671738600180365,0.6911720045599252,0.7307866483068699
1082.0,0.7807881015736767,0.7841166408273967,0.7134845209129492,0.7634772780496604,0.7997074425701561,0.7632773755738237,0.6873252297377535
1390.0,0.5659289719271006,0.6363547084413648,0.6278983798907508,0.6146125877714235,0.5491472447333698,0.6397704748599167,0.6266994627246235
1426.0,0.5834730326110638,0.5834730326110638,0.5834730326110638,0.5834730326110638,0.5011420556943572,0.5309469662446655,0.5834730326110638
857.0,0.5468029227910494,0.5310093648858928,0.5546386830906262,0.4402685118571378,0.5589111789300648,0.5487489497603492,0.5546507962979463
831.0,0.6999554865184054,0.756187547770062,0.8360180518913922,0.8119912250658811,0.8845495887931464,0.8217808983393231,0.848921056490172
1136.0,0.613987140028825,0.6485055753931088,0.6291201739403345,0.6191756767062185,0.6155467794496953,0.5734224572514717,0.6770019289077638
1406.0,0.7582269658629213,0.692762912342322,0.771137414909325,0.7181936406923652,0.8060876765292591,0.7351466541269542,0.7464769896812925
66.0,0.9999999999999997,0.8662937672526366,0.9999999999999997,0.708731911831098,0.8185334435410223,0.9999999999999997,0.9999999999999997
78.0,0.8386152651804737,0.8386152651804737,0.8386152651804737,0.6433108948279619,0.6268688618541567,0.6083000652118258,0.8386152651804737
967.0,0.7037450082950236,0.6774731599476262,0.716960115764929,0.6477681096986602,0.5887801774825445,0.6253685935737002,0.7056712106588221
526.0,0.838471245140012,0.5472700839276611,0.838471245140012,0.838471245140012,0.7660052857704037,0.6865188777861904,0.838471245140012
1090.0,0.6643470826256563,0.6747387630182415,0.6708888122555581,0.717428091189364,0.628167015693454,0.6456937824599804,0.707568868829865
852.0,0.5620280824340249,0.5688991519548059,0.5260753212002559,0.6286208081201989,0.5214113607417232,0.5870318974813657,0.5688991519548059
1307.0,0.7827763229840037,0.8421577027203198,0.7827763229840037,0.8074413697833414,0.7543952937479435,0.7089406282584257,0.8194501560019619
167.0,0.5027385066941248,0.5027385066941248,0.5027385066941248,0.5027385066941248,0.5027385066941248,0.3211574019652711,0.5027385066941248
309.0,0.7666323344778462,0.7514802898680465,0.7168646513359425,0.6852604259649814,0.6774730958035009,0.6538839034943766,0.7987816189613498
105.0,0.7113440579020446,0.7364407077239743,0.6982077355523313,0.6926143316413007,0.6162887898669912,0.7053345120592709,0.7252736204649748
210.0,0.60946406479988,0.5759437576682991,0.6149482585938173,0.5980279810362362,0.6205423304593769,0.5538997932278511,0.5672929599133213
739.0,0.6041074926412973,0.47865221329039465,0.46585628470442364,0.5531248640218616,0.5166783852041357,0.540613374419481,0.44770089760052434
987.0,0.6771253624251157,0.6752732935236856,0.7039004568722617,0.6432013155865965,0.6796000526772049,0.7122312144090754,0.6858853778384947
856.0,0.7286811143264571,0.7976366044359571,0.7444155290282403,0.8229999816778321,0.6526071976213808,0.5473848440587961,0.7404853706727217
866.0,0.7545995726164397,0.9357960368639316,0.9357960368639316,0.7545995726164397,0.9357960368639316,0.9357960368639316,0.7545995726164397
495.0,0.6747468525238541,0.7215471135554519,0.698931507638789,0.7562841653626553,0.745968745870534,0.7304281652568115,0.7097620404103335
129.0,0.7793246212260261,0.7644280985770651,0.7746143986612716,0.7336286521081727,0.7633266445033049,0.7308068488653503,0.8034275464762133
469.0,0.8242284150106537,0.8242284150106537,0.7429459195285679,0.6750735839610291,0.6355275544732062,0.5429581671617123,0.7719887105372323
959.0,0.8834781650365725,0.8888561903341399,0.8306824463509561,0.8488272043444577,0.8115134760510432,0.7716868073102212,0.881147641164818
583.0,0.8855390189781476,0.8524466212146137,0.8404558859863273,0.7873306413209853,0.8651371032923615,0.8080996322915126,0.856954247220627
52.0,0.6421641203940219,0.6730171543411789,0.694428535624477,0.664215531707743,0.6425485397453988,0.6351613136637282,0.6788478110027829
864.0,0.7542881969224489,0.8193842080097158,0.8074395568485655,0.8108954049131306,0.7500487524710154,0.6683601711686296,0.7429604382857622
478.0,0.6414152222036792,0.6284241322808444,0.6274802351294734,0.6750851638063002,0.6503813856815129,0.6367903914989241,0.6625358768598559
1229.0,0.9470357408227765,0.9470357408227765,0.8202556784965757,0.738607040277808,0.8637847339107385,0.8331575591895619,0.8181319558178483
76.0,0.7911952735172302,0.7282521309833747,0.7282521309833747,0.7282747746198976,0.7477471386055553,0.7481616469143181,0.7477471386055553
1256.0,0.6713581074259619,0.6417463928211131,0.719139012356582,0.6785215988306547,0.7279867979442244,0.6676288871640785,0.7066102437964326
153.0,0.6885882092649294,0.6885882092649294,0.6453607058172249,0.611528779261106,0.611528779261106,0.8337582215129178,0.8337582215129178
1178.0,0.7498097318873715,0.7772704124638181,0.748480789290372,0.772283665132454,0.7006582379270596,0.6495431307819991,0.8007793220789745
472.0,0.7686833755676193,0.7686833755676193,0.6926352451287506,0.7635786142656842,0.6565098996326165,0.7373722828109708,0.7731009396331883
410.0,0.7771707773874801,0.8154030304759491,0.7808827112761109,0.8062089502818679,0.774855488832196,0.7125162525896044,0.7976196266022125
1247.0,0.4575655000998906,0.44993574509258594,0.4653109360930303,0.46962664303060553,0.4621050315448978,0.45128767688559923,0.431515167473159
179.0,0.7874690421470646,0.8194227848440283,0.7141275746184421,0.6648497600208003,0.6648497600208003,0.6879266516685922,0.7141275746184421
63.0,0.7559897356370147,0.7559897356370147,0.7559897356370147,0.7559897356370147,0.8542226652262632,0.6760445036365654,0.7559897356370147
218.0,0.6115807792299719,0.6526921752445336,0.6688564971687165,0.6296243946339211,0.6293728186371892,0.6520819570474978,0.6645393312923774
187.0,0.7842527739784343,0.6627779735092008,0.6777109187679455,0.8142201913506525,0.6994560350168346,0.686119462155146,0.6727435294279095
808.0,0.5181668427522601,0.5607105353784039,0.5602468181766654,0.589561971082208,0.5952277776613945,0.5995890590253714,0.5584043821691558
177.0,0.6335188198688857,0.6333364768875249,0.6600597417326919,0.7136664035918285,0.6036510661830341,0.5952220532662746,0.6625488070754953
1158.0,0.7334391071041688,0.7388277191462707,0.757851573094271,0.6932173178779117,0.6732387987252926,0.6548744592712705,0.7482037439842412
580.0,0.6432078989629816,0.6432078989629816,0.5532919503066354,0.645564407648824,0.5604082029937717,0.6055391830254674,0.6094589102836865
1236.0,0.7856351523377106,0.7740460122949975,0.8595557183666771,0.8126339058939179,0.7150174369104513,0.7763796797160751,0.8352752496970698
648.0,0.5958955764996408,0.6330496926410178,0.5754608967974248,0.5650897106336866,0.5995603613535587,0.6686934624463725,0.5958955764996408
1437.0,0.6978913963730138,0.9112216843154964,0.8250055668141297,0.774512645430492,0.666695054510767,0.7774253266015099,0.8527323361073355
100.0,0.762602805689149,0.7827428573922666,0.7731055349159485,0.7688620686166827,0.7308024361751392,0.7769741624097222,0.7527820751747782
1125.0,0.6171792181519278,0.6311495642111666,0.6145794679114607,0.6060612521546771,0.5709938013902555,0.5864127840068443,0.6029272592185827
547.0,0.7806173732776134,0.753623162930468,0.7806173732776134,0.6528724691401766,0.6480146156567177,0.6488093505533918,0.7106901676833366
1420.0,0.8717784998391745,0.7882575894999506,0.7943200983736151,0.7701370815222056,0.6784963100567795,0.7218799755213351,0.7431836259262761
601.0,0.925725943927463,0.6944794386067508,0.689290861289093,0.8798321471274098,0.6289193484403754,0.8356861730667331,0.8563865148960654
542.0,0.6628629070090907,0.5259230360855887,0.6111623730952201,0.5919955663691154,0.5030996494711861,0.6241871396011873,0.6112496072002849
205.0,0.7513637401009131,0.8309056247515458,0.7713597357792017,0.8377557238480897,0.6432921335075068,0.6759363594558812,0.698082681228805
222.0,0.43014814599430495,0.4698956251425802,0.4784970797378775,0.47395009955999545,0.6330557640706418,0.6089108832440697,0.48688336523400244
1393.0,0.8842508419929593,0.8842508419929593,0.8842508419929593,0.7408837974646418,0.8008866426358155,0.7370993319328714,0.8842508419929593
1042.0,0.7658973443332621,0.8149151839920804,0.8042262940598638,0.7364126321864704,0.6630657730118823,0.6307042265807737,0.725009599614415
1038.0,0.9213012943153867,0.9173895925061798,0.9173895925061798,0.9213012943153867,0.6780171220962281,0.6997045942186171,0.999999999999804
1081.0,0.8401444145206748,0.91972512818946,0.9031595423177374,0.91972512818946,0.7877808851736259,0.7827860601576017,0.91972512818946
1265.0,0.7807321832493754,0.7215387949458094,0.7028949165564699,0.762230362352705,0.7619032534707431,0.7555561911828088,0.7616208837826803
1345.0,0.7176557792162446,0.7083421016905174,0.6987273522360599,0.6828484958091098,0.6418817792923637,0.6812438197655768,0.6798779303995945
268.0,0.7042814368823078,0.693155341885015,0.7243749984358223,0.760536452345338,0.774337745158338,0.7035355928264905,0.7736531078402543
70.0,0.6954986458874761,0.744980285353618,0.5490423664317186,0.5899919166660088,0.5542868734181908,0.5111512022992428,0.657141839199501
536.0,0.9999999999999999,0.9999999999999999,0.9999999999999999,0.6545923916478457,0.6545923916478457,0.9999999999999999,0.9999999999999999
1323.0,0.6357258099934349,0.5950891743645144,0.6080470175922457,0.513213242252216,0.5526373221972286,0.5425649828945027,0.5405312962951262
567.0,0.7056670166736805,0.7203022549143733,0.6896975127137653,0.6821008821630699,0.6298069014643383,0.6795249545846426,0.7013196695815902
1305.0,0.635938506922551,0.708702891738958,0.6721073360427373,0.7627862114672195,0.5715267215025903,0.6756726873975056,0.7951153454912774
714.0,0.9999999999999996,0.8745284037908677,0.8745284037908677,0.8745284037908677,0.8360738649945616,0.8745284037908677,0.8745284037908677
1235.0,0.8219539296676968,0.879818203058321,0.8454423254910803,0.8036610564501834,0.7652570534946344,0.7424719672475176,0.8003799418251997
729.0,0.39242126689114853,0.6614216002575943,0.35591093276916863,0.6567024147173917,0.6331189897970488,0.5283179349662261,0.6003928137974915
1177.0,0.5889319873171048,0.666566375275865,0.6420134756682991,0.6052573624538595,0.6181929350338654,0.617224882891686,0.6229738338588284
1462.0,0.8915544915682008,0.8221132373041692,0.8915544915682008,0.7643444025197494,0.7836314843920617,0.8457735277087581,0.8915544915682008
1491.0,0.7519477730581661,0.6975377034215318,0.6360229115492553,0.776754622468645,0.5974292740873608,0.6866927607188946,0.6252406195399964
1087.0,0.5829614699680457,0.6290168088231884,0.6310172624630292,0.6478943462487161,0.5306930974130339,0.6437499576324184,0.6570574524226374
1353.0,0.6965513312994556,0.6672330202982721,0.6880337221739244,0.7188208405472998,0.6687479812120176,0.6875102585660078,0.7151873515110851
231.0,0.7849229521990736,0.7727658030456105,0.7527566196017873,0.6990597843777973,0.6472843341030758,0.6728347031191559,0.726184788754136
1342.0,0.6985242267230015,0.6619204295908574,0.6394253526830608,0.6565762585553938,0.6218487537861317,0.5935022383995958,0.6902826149324347
1456.0,0.618401469918713,0.6064560746261827,0.6106889014147356,0.6273184135575343,0.5642444404472873,0.5680636470330369,0.6181820971401599
39.0,0.6547263595441226,0.643619652729132,0.6070129193622005,0.6514159769842611,0.5872673672708135,0.564756283032145,0.7008874174307095
117.0,0.727130047101387,0.6983579238678539,0.6876577500145908,0.6794263785718622,0.6344949615013453,0.7648801424151007,0.7808873186300069
426.0,0.35987077468605577,0.40045999291616974,0.40045999291616974,0.40045999291616974,0.488578453631081,0.28228128219132886,0.40045999291616974
1059.0,0.7520506872994956,0.6641487377552653,0.7555460642793662,0.9357415877289892,0.7466046532420102,0.9999999999996924,0.8658376338375201
264.0,0.9268866115620014,0.9239735065608929,0.8978108737651854,0.930446345713176,0.9088166610316233,0.8922436897194189,0.9239735065608929
215.0,0.5545041907979146,0.6799419376085019,0.6308399955288351,0.6989641151856554,0.6421007081507281,0.6018833777020207,0.6139282882456825
679.0,0.5941855986026829,0.5741908909124503,0.6713352902589045,0.4992898792590502,0.6408428167780302,0.5714334122749578,0.6052061890851421
834.0,0.8295099452494502,0.8444349185534858,0.6337781388879873,0.7718073699141846,0.6827087748311342,0.6488354006446702,0.8210720203641337
1041.0,0.7812863815504832,0.8044708940870446,0.7459157706239483,0.7270143625924752,0.7672282888466935,0.8504616997796791,0.7812863815504832
4.0,0.5381180707303121,0.5629839147322596,0.5629839147322596,0.5629839147322596,0.5629839147322596,0.5860166682753741,0.5649792488075198
953.0,0.874249972254141,0.7567838211554466,0.815636449739531,0.9148531613658845,0.7656923259691424,0.7638715176590727,0.8543433380571654
1412.0,0.521460309542288,0.521460309542288,0.521460309542288,0.521460309542288,0.521460309542288,0.521460309542288,0.521460309542288
511.0,0.7077330579809026,0.7054479262385314,0.7220676371319688,0.6346418171414548,0.7652029428856821,0.7447464799048968,0.7122519544965433
1493.0,0.7738978739859375,0.8017614300305319,0.7738978739859375,0.7736532347268845,0.7127558480456572,0.6020595715777791,0.7551873020848262
658.0,0.698915092832924,0.7925337771471432,0.7925337771471432,0.8014123615369584,0.7592364171072465,0.689204636676621,0.7891609577794532
270.0,0.7313293144839883,0.7452962754105343,0.7164880597931658,0.7159654130232361,0.7027632433678983,0.6394247128154825,0.7497744200419562
494.0,0.5976832533320555,0.671471229041595,0.7575192436450009,0.7052757544519987,0.7323156809906395,0.783341405003068,0.8786486231863462
905.0,0.7770095358243522,0.6857986407994322,0.8569005070614882,0.9522518285215719,0.7270893934151381,0.6689967120028738,0.7654009695673728
1067.0,0.9999999999999999,0.9999999999999999,0.7942237887234525,0.9999999999999999,0.6161685998181967,0.7942237887234525,0.9999999999999999
945.0,0.6066985038845518,0.6124056437986252,0.5280812558401332,0.6421593758823521,0.6421593758823521,0.6628250251849908,0.6118332971340816
355.0,0.9127161721997116,0.6064622582023806,0.5805116217679103,0.5499919882560824,0.5559741623234964,0.5698524476842943,0.7156555209727724
1348.0,0.791747192727872,0.8008672804756245,0.7762060131552849,0.8008672804756245,0.7842102589537385,0.7746957639994282,0.791747192727872
981.0,0.8022064583121107,0.7229780097488094,0.7505012960892555,0.7571304475236338,0.6263346206651874,0.5812867697786186,0.7153501673495902
1481.0,0.6472440073504355,0.6472440073504355,0.64523368858733,0.688020313162665,0.6811774707983211,0.6941627347664282,0.6472440073504355
516.0,0.6319841710321937,0.7033833664736482,0.615942164995329,0.5860721950399399,0.6138296469323008,0.6315294995062158,0.6269091962543574
399.0,0.7841409228303722,0.816347897709285,0.8396173946624201,0.8274944144476589,0.7866748592392512,0.8402169326622642,0.8375349814639028
1054.0,0.6457094762192792,0.6594774073911011,0.6249152405878438,0.6153401825209196,0.6146109514102127,0.586204604116908,0.6486048245227374
568.0,0.7141116078380192,0.7425316851141949,0.7790583025001476,0.8438917582546306,0.6888965457902521,0.870094115030339,0.7816785182192939
884.0,0.8439136257535504,0.8393800088103716,0.8376230350704191,0.8294348550765627,0.8023406872580369,0.788340017456229,0.8292792836265197
1487.0,0.6471363625776425,0.7219397670554721,0.7664550569473635,0.7692827895139088,0.7014742970180474,0.7408816892128791,0.6923296046453601
1431.0,0.8345341386271694,0.8282810213835028,0.8241144413666915,0.8174731632951877,0.7778836946314934,0.7743728372507651,0.8282810213835028
7.0,0.6731730727007201,0.6524946198205173,0.7409617415144744,0.7252173421302757,0.6695201871030987,0.6792083284240156,0.7071794715887572
47.0,0.6248615233291377,0.5872990100535828,0.6686725301892545,0.6110447313486415,0.6283071429131528,0.6283071429131528,0.6260806383436406
961.0,0.9513498142748065,0.9400455825386985,0.9265599298421827,0.9219584923539497,0.9999999999999998,0.9400455825386985,0.9999999999999998
1116.0,0.7018869605861745,0.6769332635539493,0.6908257828719991,0.6755980085926541,0.609319859833059,0.6780746506964792,0.7340611308509748
1368.0,0.9999999999999998,0.9999999999999998,0.9999999999999998,0.9999999999999998,0.9999999999999998,0.6429283414566032,0.9999999999999998
909.0,0.8749559238555309,0.8354065227099304,0.8635667260400708,0.8749559238555309,0.8414059250518766,0.8258104646738837,0.8584782574871588
754.0,0.765494495699949,0.7205788725416824,0.7398717955279426,0.6852189178502361,0.7809056099670428,0.8243379396950349,0.732928364189832
170.0,0.7643676156437007,0.8373019803168812,0.7883215501676142,0.6731809399382198,0.7750771998023107,0.7442509500476491,0.763511931546993
1021.0,0.7989825136614512,0.8522930487953365,0.8633519995727967,0.8084510213881984,0.8045636891236702,0.762222281780454,0.8489653589650451
1473.0,0.6403064403902671,0.773670039922131,0.6764999854152713,0.7899218196107807,0.7470736341916329,0.7113908746786561,0.7907277186460323
821.0,0.5821287141229419,0.6186211270580149,0.5802084133172504,0.6100166742200952,0.5198017701795363,0.6542623698664694,0.6069964757731057
515.0,0.7308137160900423,0.7728699329310849,0.7536345384986034,0.7805986458934948,0.6808077619278394,0.7442172814966592,0.7805986458934948
1181.0,0.6219825382160684,0.6325751699532105,0.6219825382160684,0.6219825382160684,0.5002666096630595,0.807585707024512,0.6219825382160684
562.0,0.7738992109806316,0.7738992109806316,0.6439200007543718,0.7712289265558309,0.7221546253780331,0.6117444270642628,0.6439200007543718
1102.0,0.8647274393170241,0.6913189545822745,0.8703307262077952,0.8248771769153853,0.6913189545822745,0.6913189545822745,0.8647274393170241
1490.0,0.48172376499292424,0.48172376499292424,0.4498233864657666,0.45893300483956845,0.4788167761665635,0.5072732561535203,0.6273725034962578
996.0,0.6018899488722058,0.6748817839339235,0.6697769740340989,0.6218313170254186,0.5830644171522485,0.5335307079933092,0.7015740695456385
120.0,0.9589424901556032,0.9999999999998475,0.9999999999998475,0.9999999999998475,0.5615815457379316,0.7037143311615945,0.6657558151305701
886.0,0.3980773190500807,0.3980773190500807,0.633099470193901,0.6709631272371642,0.7339059805779778,0.6297768635609646,0.507863852902197
1242.0,0.5952888151086599,0.5692825036980873,0.6018401160526365,0.5697571301139168,0.5702399082993006,0.49251982403552985,0.6109567789133634
466.0,0.7816692735957922,0.7550973971137999,0.7374524782034398,0.7636832296256977,0.7093841451744632,0.6551884429644381,0.7823355743120795
310.0,0.911011914647885,0.6984995043041172,0.6772853489059919,0.8902319571339833,0.911011914647885,0.911011914647885,0.911011914647885
1175.0,0.6697299239839719,0.3168499308218107,0.590087443861442,0.3168499308218107,0.5724256878281174,0.21292123703621868,0.5510960483970884
701.0,0.7650178247047801,0.7475751747816659,0.7705889657295054,0.8246645921553282,0.754617485458846,0.7662917063537729,0.7443196721864038
186.0,0.7854407108204539,0.8191285515939741,0.8512772762142667,0.8512772762142667,0.8512772762142667,0.8512772762142667,0.8191285515939741
1074.0,0.8707362760038047,0.8707362760038047,0.6091101502806231,0.6060302964166848,0.7830908553762369,0.8707362760038047,0.8707362760038047
235.0,0.7909659806262402,0.7909659806262402,0.7909659806262402,0.7909659806262402,0.757589190208651,0.7909659806262402,0.7909659806262402
1287.0,0.6903942283878691,0.886977581701102,0.7754951818618153,0.7754951818618153,0.6107766913020669,0.6273059361253339,0.7754951818618153
593.0,0.7031718223994705,0.8349300614816987,0.7684892956364492,0.7607012811984178,0.7748930045017353,0.7735261588068174,0.799564294467358
976.0,0.80135668889118,0.7560376120044305,0.8060152607378566,0.8319142700567886,0.7275580485102154,0.7956660214334392,0.7353413861693934
832.0,0.7624749556951631,0.7423637923624329,0.6961821463191145,0.7128053429961911,0.6559511934141624,0.6089983079721697,0.677951159934775
386.0,0.13051923965354595,0.4422556973442189,0.5735247285577973,0.5455311288674007,0.588916129634395,0.5093322513057139,0.3867041110674011
1170.0,0.5466034217829616,0.631039902302895,0.5977024107542426,0.7152506590525629,0.5897645397858924,0.539314897775562,0.6929186357185881
325.0,0.8279904256757413,0.7567386358994016,0.9044569195526293,0.8578247535996988,0.7807403591090202,0.7054186419479731,0.6968470222743114
262.0,0.7934041434353161,0.8858626511925376,0.8259469465935583,0.8768372233365571,0.833450342706562,0.8298246569840355,0.9122784151332244
396.0,0.9183654368660591,0.8885495149612453,0.8787336961462581,0.8891246577168811,0.8836204470698225,0.8638171394614071,0.9338448647848968
1325.0,0.4455943534694564,0.3463942669837481,0.42904651572298946,0.572886590664416,0.6001737461128577,0.42904651572298946,0.4011425524143919
38.0,0.7885745169172753,0.7666294594952449,0.7857555857376128,0.7922763846278548,0.7548328702629536,0.806563604350854,0.8068287206676905
543.0,0.7736204189424377,0.7465954902002152,0.7436737749125565,0.747718343688913,0.7355256010366114,0.7136434807651171,0.816387316285655
221.0,0.7824393252399275,0.8655843803087208,0.824950720018716,0.854022176877784,0.8552103678449285,0.8536062935147634,0.7815980751328383
1032.0,0.8035907519407782,0.7765090091122998,0.8224901544304779,0.8776472040136408,0.7514000441558669,0.7420434793684745,0.7604929339828339
888.0,0.7298376880194855,0.6975795695933809,0.7130696506259815,0.7308502551441403,0.6867684020476998,0.7019900241889498,0.6989885773853743
529.0,0.48945403695478196,0.5307964911067713,0.5357653646791555,0.527595735740997,0.4276864196663823,0.5381436612527315,0.4634049169551705
839.0,0.6024416530037158,0.6024416530037158,0.598033509759941,0.6230287497836362,0.6620958811922006,0.6460854275981461,0.611638116960787
1269.0,0.7370223045828028,0.8462589879968405,0.7484711860732667,0.8643532818472457,0.8445589075923816,0.7724233764614085,0.8068438646657101
1058.0,0.5085019798920999,0.5188089459010219,0.5085175852923771,0.5052290616246171,0.4340266370138589,0.5501700307006827,0.526424709457678
1139.0,0.5564824191682959,0.577791877614585,0.5901257047537505,0.5579733116021541,0.5615380995568711,0.5252100011025056,0.5499097604839893
756.0,0.6195621592678121,0.6195621592678121,0.6195621592678121,0.6195621592678121,0.6195621592678121,0.6195621592678121,0.6195621592678121
633.0,0.6903542837753966,0.711129590160899,0.7158137816947041,0.793269930105653,0.67857641581105,0.6831071121488314,0.6612004201043304
139.0,0.9342163903086218,0.9999999999999996,0.9999999999999996,0.9342163903086218,0.857520833062257,0.9366711634777638,0.9770448752907641
35.0,0.7714557388753166,0.6809988407577129,0.7037659139352406,0.7676171801275778,0.7282432616920489,0.7355811921390067,0.7222696254008989
1396.0,0.7494761765181004,0.7494761765181004,0.7400235131085726,0.7755879322173109,0.6006138849139377,0.6748225592898734,0.7610933554360941
